"RunId","Scenario","Metric","Key","HigherIsBetter","MaxSpreadPct","Separation","DeltaAllOffToAllOnPct","DeltaAppOffToAllOnPct","DeltaRuntimeLayerPct","DeltaAspNetLayerPct","all-off_median","all-off_min","all-off_max","all-off_n","rt-on_median","rt-on_min","rt-on_max","rt-on_n","app-off_median","app-off_min","app-off_max","app-off_n","all-on_median","all-on_min","all-on_max","all-on_n"
"r3-cloud-arm64","fortunes","Requests/sec","http/rps/mean","True","0","n/a",,,,,"45922.93","45922.93","45922.93","1",,,,"0","43040.56","43040.56","43040.56","1",,,,"0"
"r3-cloud-arm64","fortunes","Mean latency (ms)","http/latency/mean","False","0","n/a",,,,,"5.58","5.58","5.58","1",,,,"0","5.94","5.94","5.94","1",,,,"0"
"r3-cloud-arm64","fortunes","Latency p50 (ms)","http/latency/50","False","0","n/a",,,,,"5.33","5.33","5.33","1",,,,"0","5.73","5.73","5.73","1",,,,"0"
"r3-cloud-arm64","fortunes","Latency p99 (ms)","http/latency/99","False","0","n/a",,,,,"11.16","11.16","11.16","1",,,,"0","11.82","11.82","11.82","1",,,,"0"
"r3-cloud-arm64","fortunes","Latency max (ms)","http/latency/max","False","0","n/a",,,,,"215.46","215.46","215.46","1",,,,"0","25.92","25.92","25.92","1",,,,"0"
"r3-cloud-arm64","fortunes","Throughput (MB/s)","http/throughput","True","0","n/a",,,,,"60.66","60.66","60.66","1",,,,"0","56.85","56.85","56.85","1",,,,"0"
"r3-cloud-arm64","fortunes","Bad responses","http/requests/badresponses","False","0","n/a",,,,,"0","0","0","1",,,,"0","0","0","0","1",,,,"0"
"r3-cloud-arm64","fortunes","App CPU (%)","benchmarks/cpu","False","0","n/a",,,,,"97","97","97","1",,,,"0","97","97","97","1",,,,"0"
"r3-cloud-arm64","fortunes","Working set (MB)","benchmarks/working-set","False","0","n/a",,,,,"212","212","212","1",,,,"0","218","218","218","1",,,,"0"
"r3-cloud-arm64","fortunes","Private memory (MB)","benchmarks/private-memory","False","0","n/a",,,,,"335","335","335","1",,,,"0","333","333","333","1",,,,"0"
"r3-cloud-arm64","fortunes","Start time (ms)","benchmarks/start-time","False","0","n/a",,,,,"261","261","261","1",,,,"0","263","263","263","1",,,,"0"
"r3-cloud-arm64","fortunes","Published size (KB)","benchmarks/published-size","False","0","n/a",,,,,"144025","144025","144025","1",,,,"0","144025","144025","144025","1",,,,"0"
"r3-cloud-arm64","json","Requests/sec","http/rps/mean","True","9.09","complete 49/49","-20.308","-2.821","-2.147","-16.195","233684.32","223261.1","242639.8","7","228666.59","220526.57","236519.78","7","191633.85","176193.5","193611.91","7","186228.02","178655.59","191299.51","7"
"r3-cloud-arm64","json","Mean latency (ms)","http/latency/mean","False","10.45","complete 0/49","25.688","2.239","2.752","19.643","1.09","1.05","1.14","7","1.12","1.08","1.16","7","1.34","1.32","1.46","7","1.37","1.34","1.45","7"
"r3-cloud-arm64","json","Latency p50 (ms)","http/latency/50","False","8.53","complete 0/49","25.472","3.101","1.887","19.444","1.06","1.02","1.11","7","1.08","1.04","1.12","7","1.29","1.28","1.39","7","1.33","1.29","1.37","7"
"r3-cloud-arm64","json","Latency p99 (ms)","http/latency/99","False","24.04","complete 0/49","32.258","0.702","2.765","27.803","2.17","2.1","2.45","7","2.23","2.17","2.33","7","2.85","2.61","3.24","7","2.87","2.75","3.44","7"
"r3-cloud-arm64","json","Latency max (ms)","http/latency/max","False","1600.57","30/49","-15.612","-21.597","-8.872","18.113","14.54","8.81","203.53","7","13.25","8.23","209.98","7","15.65","11.25","18.42","7","12.27","8.4","204.79","7"
"r3-cloud-arm64","json","Throughput (MB/s)","http/throughput","True","9.11","complete 49/49","-20.312","-2.818","-2.149","-16.2","37.22","35.56","38.64","7","36.42","35.12","37.67","7","30.52","28.06","30.84","7","29.66","28.45","30.47","7"
"r3-cloud-arm64","json","Bad responses","http/requests/badresponses","False","0","complete 0/49",,,,,"0","0","0","7","0","0","0","7","0","0","0","7","0","0","0","7"
"r3-cloud-arm64","json","App CPU (%)","benchmarks/cpu","False","4.17","13/49","0","0","0","0","96","95","97","7","96","92","96","7","96","94","97","7","96","95","97","7"
"r3-cloud-arm64","json","Working set (MB)","benchmarks/working-set","False","2.35","45/49","-1.149","1.176","0","-2.299","87","87","88","7","87","86","87","7","85","85","87","7","86","85","87","7"
"r3-cloud-arm64","json","Private memory (MB)","benchmarks/private-memory","False","17.89","15/49","3.804","0.526","3.804","-0.524","184","183","200","7","191","183","200","7","190","182","216","7","191","183","199","7"
"r3-cloud-arm64","json","Start time (ms)","benchmarks/start-time","False","11.31","21/49","0.905","0","3.167","-2.193","221","212","237","7","228","218","238","7","223","220","229","7","223","219","225","7"
"r3-cloud-arm64","json","Published size (KB)","benchmarks/published-size","False","0","complete 49/49","-0.022","-0.022","0","0","144025","144025","144025","7","144025","144025","144025","7","144025","144025","144025","7","143994","143994","143994","7"
"r3-cloud-arm64","multiple_queries","Requests/sec","http/rps/mean","True","30.32","15/42","8.361","11.085",,,"2199.645","1921.96","2589","6",,,,"0","2145.7","2026.26","2630.47","6","2383.55","2125.76","2642.67","7"
"r3-cloud-arm64","multiple_queries","Mean latency (ms)","http/latency/mean","False","29.5","27/42","-7.699","-9.833",,,"230.235","195.59","263.52","6",,,,"0","235.685","192.51","250.15","6","212.51","192.29","237.6","7"
"r3-cloud-arm64","multiple_queries","Latency p50 (ms)","http/latency/50","False","31.07","27/42","-7.778","-8.98",,,"229.165","194.82","266.03","6",,,,"0","232.19","194.64","249.82","6","211.34","191.21","236.93","7"
"r3-cloud-arm64","multiple_queries","Latency p99 (ms)","http/latency/99","False","46.9","23/42","-5.515","-13.697",,,"303","251.1","352.82","6",,,,"0","331.725","255.01","341.32","6","286.29","234.44","368.72","7"
"r3-cloud-arm64","multiple_queries","Latency max (ms)","http/latency/max","False","62.31","20/42","-0.936","-11.142",,,"362.855","330.39","403.24","6",,,,"0","404.53499999999997","355.06","487.25","6","359.46","288.21","512.19","7"
"r3-cloud-arm64","multiple_queries","Throughput (MB/s)","http/throughput","True","30.49","14/42","8.527","11.406",,,"1.935","1.69","2.28","6",,,,"0","1.885","1.78","2.31","6","2.1","1.87","2.33","7"
"r3-cloud-arm64","multiple_queries","Bad responses","http/requests/badresponses","False","0","complete 0/42",,,,,"0","0","0","6",,,,"0","0","0","0","6","0","0","0","7"
"r3-cloud-arm64","multiple_queries","App CPU (%)","benchmarks/cpu","False","4.17","9/42","0","0",,,"96","94","98","6",,,,"0","96","95","98","6","96","95","98","7"
"r3-cloud-arm64","multiple_queries","Working set (MB)","benchmarks/working-set","False","4.44","5/42","3.111","1.31",,,"225","223","233","6",,,,"0","229","224","234","6","232","229","239","7"
"r3-cloud-arm64","multiple_queries","Private memory (MB)","benchmarks/private-memory","False","14.71","18/42","0.741","-0.73",,,"337.5","330","364","6",,,,"0","342.5","325","364","6","340","327","377","7"
"r3-cloud-arm64","multiple_queries","Start time (ms)","benchmarks/start-time","False","8.88","22/42","0.386","0.193",,,"259","247","270","6",,,,"0","259.5","255","265","6","260","255","269","7"
"r3-cloud-arm64","multiple_queries","Published size (KB)","benchmarks/published-size","False","0","complete 42/42","-0.022","-0.022",,,"144025","144025","144025","6",,,,"0","144025","144025","144025","6","143994","143994","143994","7"
"r3-cloud-arm64","mvc","Requests/sec","http/rps/mean","True","18","48/49","-10.951","2.456","1.414","-14.297","118692.49","107659.77","126837.86","7","120370.99","113845.34","131549.18","7","103161.18","94540.12","113110.68","7","105694.94","95769.06","110127.52","7"
"r3-cloud-arm64","mvc","Mean latency (ms)","http/latency/mean","False","18.81","3/49","14.22","-1.19","-1.835","17.757","2.18","2.02","2.43","7","2.14","1.98","2.26","7","2.52","2.28","2.74","7","2.49","2.33","2.73","7"
"r3-cloud-arm64","mvc","Latency p50 (ms)","http/latency/50","False","16.31","complete 0/49","12.136","-0.858","-0.485","13.659","2.06","1.96","2.22","7","2.05","1.87","2.17","7","2.33","2.17","2.55","7","2.31","2.23","2.49","7"
"r3-cloud-arm64","mvc","Latency p99 (ms)","http/latency/99","False","48.99","8/49","31.993","15.891","-12.431","30.063","5.47","4.14","6.82","7","4.79","4.22","5.17","7","6.23","5.11","7.03","7","7.22","5","8.1","7"
"r3-cloud-arm64","mvc","Latency max (ms)","http/latency/max","False","1081.4","21/49","4.465","9.407","9.138","-12.512","19.26","13.8","207.04","7","21.02","11.78","209.28","7","18.39","14.52","213.39","7","20.12","15.12","32.38","7"
"r3-cloud-arm64","mvc","Throughput (MB/s)","http/throughput","True","17.98","48/49","-10.926","2.459","1.425","-14.286","21.05","19.1","22.5","7","21.35","20.19","23.33","7","18.3","16.77","20.06","7","18.75","16.99","19.53","7"
"r3-cloud-arm64","mvc","Bad responses","http/requests/badresponses","False","0","complete 0/49",,,,,"0","0","0","7","0","0","0","7","0","0","0","7","0","0","0","7"
"r3-cloud-arm64","mvc","App CPU (%)","benchmarks/cpu","False","4.17","29/49","-1.042","-1.042","2.083","-2.041","96","94","98","7","98","96","98","7","96","94","97","7","95","95","97","7"
"r3-cloud-arm64","mvc","Working set (MB)","benchmarks/working-set","False","16.8","15/49","8.8","-0.73","-2.4","12.295","125","117","138","7","122","118","126","7","137","122","141","7","136","122","143","7"
"r3-cloud-arm64","mvc","Private memory (MB)","benchmarks/private-memory","False","18.7","24/49","0.383","0.769","-7.28","7.438","261","251","291","7","242","238","275","7","260","251","278","7","262","242","291","7"
"r3-cloud-arm64","mvc","Start time (ms)","benchmarks/start-time","False","7.87","27/49","0.993","-0.327","2.649","-1.29","302","297","320","7","310","304","328","7","306","291","315","7","305","291","315","7"
"r3-cloud-arm64","mvc","Published size (KB)","benchmarks/published-size","False","0","complete 49/49","-0.022","-0.022","0","0","144025","144025","144025","7","144025","144025","144025","7","144025","144025","144025","7","143994","143994","143994","7"
"r3-cloud-arm64","orchard","Requests/sec","http/rps/mean","True","8.29","n/a",,"8.388",,,,,,"0",,,,"0","3089.38910452988","3040.198476524906","3222.0280872879666","7","3348.53357662432","3253.4552788619308","3530.9538123377547","7"
"r3-cloud-arm64","orchard","Mean latency (ms)","http/latency/mean","False","8.11","n/a",,"-7.743",,,,,,"0",,,,"0","10.353742373247","9.927185622672734","10.520891280994453","7","9.55202501841053","9.058669416495196","9.833064444080161","7"
"r3-cloud-arm64","orchard","Latency p50 (ms)","http/latency/50","False","11","n/a",,"-7.808",,,,,,"0",,,,"0","7.915","7.484","8.355","7","7.297","6.983","7.599","7"
"r3-cloud-arm64","orchard","Latency p99 (ms)","http/latency/99","False","16.38","n/a",,"-8.804",,,,,,"0",,,,"0","41.756","39.295","44.673","7","38.08","35.585","41.824","7"
"r3-cloud-arm64","orchard","Latency max (ms)","http/latency/max","False","39.47","n/a",,"-11.803",,,,,,"0",,,,"0","106.759","89.678","128.898","7","94.158","80.16","117.327","7"
"r3-cloud-arm64","orchard","Throughput (MB/s)","http/throughput","True","8.27","n/a",,"8.384",,,,,,"0",,,,"0","17.6851999225206","17.40447322869339","18.45180146508938","7","19.1679665906077","18.63370615234758","20.21938435783712","7"
"r3-cloud-arm64","orchard","Bad responses","http/requests/badresponses","False","0","n/a",,,,,,,,"0",,,,"0","0","0","0","7","0","0","0","7"
"r3-cloud-arm64","orchard","App CPU (%)","benchmarks/cpu","False","1.02","n/a",,"1.02",,,,,,"0",,,,"0","98","98","99","7","99","98","99","7"
"r3-cloud-arm64","orchard","Working set (MB)","benchmarks/working-set","False","11.97","n/a",,"0.67",,,,,,"0",,,,"0","448","414","460","7","451","412","466","7"
"r3-cloud-arm64","orchard","Private memory (MB)","benchmarks/private-memory","False","24.53","n/a",,"0.419",,,,,,"0",,,,"0","477","436","553","7","479","431","507","7"
"r3-cloud-arm64","orchard","Start time (ms)","benchmarks/start-time","False","20.44","n/a",,"-2.637",,,,,,"0",,,,"0","455","428","521","7","443","433","487","7"
"r3-cloud-arm64","orchard","Published size (KB)","benchmarks/published-size","False","0","n/a",,"-1.214",,,,,,"0",,,,"0","596489","596487","596489","7","589247","589246","589248","7"
"r3-cloud-arm64","plaintext","Requests/sec","http/rps/mean","True","6.7","complete 49/49","-13.081","0.887","-2.65","-11.5","1579251.58","1523409.99","1629253.46","7","1537394.33","1483272.59","1580676.07","7","1360593.18","1336939.03","1384727.86","7","1372666.16","1335691","1396150.9","7"
"r3-cloud-arm64","plaintext","Mean latency (ms)","http/latency/mean","False","10.92","complete 0/49","13.725","-1.136","2.614","12.102","1.53","1.47","1.57","7","1.57","1.52","1.64","7","1.76","1.73","1.8","7","1.74","1.71","1.9","7"
"r3-cloud-arm64","plaintext","Latency p50 (ms)","http/latency/50","False","7.09","complete 0/49","15.603","-1.212","2.837","13.793","1.41","1.36","1.46","7","1.45","1.41","1.5","7","1.65","1.61","1.69","7","1.63","1.6","1.68","7"
"r3-cloud-arm64","plaintext","Latency p99 (ms)","http/latency/99","False","250.2","9/49","14.153","-6.107","4.176","16.704","4.31","4.08","4.8","7","4.49","4.25","4.88","7","5.24","0","6.93","7","4.92","0","12.31","7"
"r3-cloud-arm64","plaintext","Latency max (ms)","http/latency/max","False","1203.57","27/49","0.05","0.649","20.06","-17.204","20.14","16.43","258.83","7","24.18","15.92","208.18","7","20.02","17.43","211.3","7","20.15","15.99","256.94","7"
"r3-cloud-arm64","plaintext","Throughput (MB/s)","http/throughput","True","6.71","complete 49/49","-13.078","0.887","-2.651","-11.497","198.8","191.77","205.1","7","193.53","186.72","198.98","7","171.28","168.3","174.32","7","172.8","168.14","175.75","7"
"r3-cloud-arm64","plaintext","Bad responses","http/requests/badresponses","False","0","complete 0/49",,,,,"0","0","0","7","0","0","0","7","0","0","0","7","0","0","0","7"
"r3-cloud-arm64","plaintext","App CPU (%)","benchmarks/cpu","False","2.04","17/49","0","0","0","0","98","98","99","7","98","98","99","7","98","98","99","7","98","97","99","7"
"r3-cloud-arm64","plaintext","Working set (MB)","benchmarks/working-set","False","3.57","42/49","-2.326","0","-1.163","-1.176","86","86","87","7","85","85","86","7","84","84","85","7","84","84","87","7"
"r3-cloud-arm64","plaintext","Private memory (MB)","benchmarks/private-memory","False","16.67","30/49","3.261","-0.524","4.348","-0.521","184","184","192","7","192","184","216","7","191","182","191","7","190","182","209","7"
"r3-cloud-arm64","plaintext","Start time (ms)","benchmarks/start-time","False","12.18","37/49","-3.084","-1.786","4.846","-5.882","227","220","236","7","238","218","247","7","224","213","232","7","220","216","232","7"
"r3-cloud-arm64","plaintext","Published size (KB)","benchmarks/published-size","False","0","complete 49/49","-0.022","-0.022","0","0","144025","144025","144025","7","144025","144025","144025","7","144025","144025","144025","7","143994","143994","143994","7"
